s,%/m,%/m,kg/m3,kg/m3,kg/m3,kg/m3,kg/m3,kg/m3,kg/m3,kg/m3,kg/m3,kg/m3,kg/m3,kg/m3,m,m,m,m,C,C,C,C,kW/m2,kW/m2,kW/m2,kW/m2,mol/mol,mol/mol,mol/mol,mol/mol,kg/m3,kg/m3,kg/m3,kg/m3,kg/m3,kg/m3,kg/m3,kg/m3,kg/m3,kg/m3,kg/m3,kg/m3,kg/m3,kg/m3,kg/m3,kg/m3,kg/m3,kg/m3,m,m,m,m,m,m,C,C,C,C,C,C,kW/m2,kW/m2,kW/m2,kW/m2,kW/m2,kW/m2,mol/mol,mol/mol,mol/mol,mol/mol,mol/mol,mol/mol
Time,"Smoke detector LD1_00","Smoke detector LD3_00","CD1","CD2","CD3","CD4","CM1","CM2","CM3","CM4","HCN1","HCN2","HCN3","HCN4","VIS1","VIS2","VIS3","VIS4","TEMP1","TEMP2","TEMP3","TEMP4","RAD1","RAD2","RAD3","RAD4","WATER1","WATER2","WATER3","WATER4","CD5","CD6","CD7","CD8","CD9","CD10","CM5","CM6","CM7","CM8","CM9","CM10","HCN5","HCN6","HCN7","HCN8","HCN9","HCN10","VIS5","VIS6","VIS7","VIS9","VIS8","VIS10","TEMP5","TEMP6","TEMP7","TEMP8","TEMP9","TEMP10","RAD5","RAD6","RAD7","RAD8","RAD9","RAD10","WATER5","WATER6","WATER7","WATER8","WATER9","WATER10"
 0.0000000E+000, 0.0000000E+000, 0.0000000E+000, 7.0680718E-004, 7.0680718E-004, 7.0680718E-004, 7.0680718E-004, 0.0000000E+000, 0.0000000E+000, 0.0000000E+000, 0.0000000E+000, 0.0000000E+000, 0.0000000E+000, 0.0000000E+000, 0.0000000E+000, 3.0000000E+001, 3.0000000E+001, 3.0000000E+001, 3.0000000E+001, 2.0000000E+001, 2.0000000E+001, 2.0000000E+001, 2.0000000E+001, 0.0000000E+000, 0.0000000E+000, 0.0000000E+000, 0.0000000E+000, 9.4820367E-003, 9.4820367E-003, 9.4820367E-003, 9.4820367E-003, 7.0680718E-004, 7.0680718E-004, 7.0680718E-004, 7.0680718E-004, 7.0680718E-004, 7.0680718E-004, 0.0000000E+000, 0.0000000E+000, 0.0000000E+000, 0.0000000E+000, 0.0000000E+000, 0.0000000E+000, 0.0000000E+000, 0.0000000E+000, 0.0000000E+000, 0.0000000E+000, 0.0000000E+000, 0.0000000E+000, 3.0000000E+001, 3.0000000E+001, 3.0000000E+001, 3.0000000E+001, 3.0000000E+001, 3.0000000E+001, 2.0000000E+001, 2.0000000E+001, 2.0000000E+001, 2.0000000E+001, 2.0000000E+001, 2.0000000E+001, 0.0000000E+000, 0.0000000E+000, 0.0000000E+000, 0.0000000E+000, 0.0000000E+000, 0.0000000E+000, 9.4820367E-003, 9.4820367E-003, 9.4820367E-003, 9.4820367E-003, 9.4820367E-003, 9.4820367E-003
 1.0425721E+000, 0.0000000E+000, 0.0000000E+000, 7.0680723E-004, 7.0680718E-004, 7.0680707E-004, 7.0680708E-004, 0.0000000E+000, 0.0000000E+000, 0.0000000E+000, 0.0000000E+000, 0.0000000E+000, 0.0000000E+000, 0.0000000E+000, 0.0000000E+000, 3.0000000E+001, 3.0000000E+001, 3.0000000E+001, 3.0000000E+001, 1.9999948E+001, 1.9999967E+001, 2.0000012E+001, 2.0000009E+001,-1.8274705E-004,-9.4483723E-005,-6.8190294E-005,-2.4637049E-005, 9.4820367E-003, 9.4820367E-003, 9.4820367E-003, 9.4820367E-003, 7.0680724E-004, 7.0680714E-004, 7.0680718E-004, 7.0680714E-004, 7.0680714E-004, 7.0680724E-004, 0.0000000E+000, 0.0000000E+000, 0.0000000E+000, 0.0000000E+000, 0.0000000E+000, 0.0000000E+000, 0.0000000E+000, 0.0000000E+000, 0.0000000E+000, 0.0000000E+000, 0.0000000E+000, 0.0000000E+000, 3.0000000E+001, 3.0000000E+001, 3.0000000E+001, 3.0000000E+001, 3.0000000E+001, 3.0000000E+001, 1.9999943E+001, 1.9999985E+001, 1.9999967E+001, 1.9999982E+001, 1.9999984E+001, 1.9999940E+001,-1.2271263E-004,-1.3884748E-005,-1.9278752E-004,-8.1815294E-005,-1.6443434E-004,-1.7959137E-004, 9.4820367E-003, 9.4820367E-003, 9.4820367E-003, 9.4820367E-003, 9.4820367E-003, 9.4820367E-003
 2.0851441E+000, 0.0000000E+000, 0.0000000E+000, 7.0680726E-004, 7.0680718E-004, 7.0680689E-004, 7.0680691E-004, 0.0000000E+000, 0.0000000E+000, 0.0000000E+000, 0.0000000E+000, 0.0000000E+000, 0.0000000E+000, 0.0000000E+000, 0.0000000E+000, 3.0000000E+001, 3.0000000E+001, 3.0000000E+001, 3.0000000E+001, 1.9999891E+001, 1.9999924E+001, 2.0000048E+001, 2.0000037E+001,-5.7812959E-005,-3.6234420E-005,-2.5350943E-005,-7.5902759E-006, 9.4820367E-003, 9.4820367E-003, 9.4820367E-003, 9.4820367E-003, 7.0680736E-004, 7.0680709E-004, 7.0680718E-004, 7.0680708E-004, 7.0680703E-004, 7.0680737E-004, 0.0000000E+000, 0.0000000E+000, 0.0000000E+000, 0.0000000E+000, 0.0000000E+000, 0.0000000E+000, 0.0000000E+000, 0.0000000E+000, 0.0000000E+000, 0.0000000E+000, 0.0000000E+000, 0.0000000E+000, 3.0000000E+001, 3.0000000E+001, 3.0000000E+001, 3.0000000E+001, 3.0000000E+001, 3.0000000E+001, 1.9999850E+001, 1.9999962E+001, 1.9999927E+001, 1.9999968E+001, 1.9999986E+001, 1.9999848E+001,-4.8130062E-005,-4.2209026E-006,-9.2961258E-005,-2.9105554E-005,-6.9358115E-005,-7.7282166E-005, 9.4820367E-003, 9.4820367E-003, 9.4820367E-003, 9.4820367E-003, 9.4820367E-003, 9.4820367E-003
 3.0234590E+000, 0.0000000E+000, 0.0000000E+000, 7.0680726E-004, 7.0680718E-004, 7.0680675E-004, 7.0680680E-004, 0.0000000E+000, 0.0000000E+000, 0.0000000E+000, 0.0000000E+000, 0.0000000E+000, 0.0000000E+000, 0.0000000E+000, 0.0000000E+000, 3.0000000E+001, 3.0000000E+001, 3.0000000E+001, 3.0000000E+001, 1.9999874E+001, 1.9999910E+001, 2.0000086E+001, 2.0000069E+001,-1.8089379E-005,-1.2798118E-005,-9.8103554E-006,-2.9123165E-006, 9.4820367E-003, 9.4820367E-003, 9.4820367E-003, 9.4820367E-003, 7.0680746E-004, 7.0680708E-004, 7.0680716E-004, 7.0680703E-004, 7.0680693E-004, 7.0680745E-004, 0.0000000E+000, 0.0000000E+000, 0.0000000E+000, 0.0000000E+000, 0.0000000E+000, 0.0000000E+000, 0.0000000E+000, 0.0000000E+000, 0.0000000E+000, 0.0000000E+000, 0.0000000E+000, 0.0000000E+000, 3.0000000E+001, 3.0000000E+001, 3.0000000E+001, 3.0000000E+001, 3.0000000E+001, 3.0000000E+001, 1.9999791E+001, 1.9999949E+001, 1.9999918E+001, 1.9999972E+001, 2.0000015E+001, 1.9999799E+001,-1.6682396E-005,-1.5219549E-006,-4.7622385E-005,-9.5925984E-006,-2.7950381E-005,-2.9854507E-005, 9.4820367E-003, 9.4820367E-003, 9.4820367E-003, 9.4820367E-003, 9.4820367E-003, 9.4820367E-003
 4.0660311E+000, 0.0000000E+000, 0.0000000E+000, 7.0680725E-004, 7.0680716E-004, 7.0680665E-004, 7.0680670E-004, 0.0000000E+000, 0.0000000E+000, 0.0000000E+000, 0.0000000E+000, 0.0000000E+000, 0.0000000E+000, 0.0000000E+000, 0.0000000E+000, 3.0000000E+001, 3.0000000E+001, 3.0000000E+001, 3.0000000E+001, 1.9999872E+001, 1.9999909E+001, 2.0000122E+001, 2.0000100E+001,-6.4898731E-006,-4.9100620E-006,-3.4313196E-006,-1.1046915E-006, 9.4820367E-003, 9.4820367E-003, 9.4820367E-003, 9.4820367E-003, 7.0680756E-004, 7.0680709E-004, 7.0680713E-004, 7.0680698E-004, 7.0680682E-004, 7.0680751E-004, 0.0000000E+000, 0.0000000E+000, 0.0000000E+000, 0.0000000E+000, 0.0000000E+000, 0.0000000E+000, 0.0000000E+000, 0.0000000E+000, 0.0000000E+000, 0.0000000E+000, 0.0000000E+000, 0.0000000E+000, 3.0000000E+001, 3.0000000E+001, 3.0000000E+001, 3.0000000E+001, 3.0000000E+001, 3.0000000E+001, 1.9999747E+001, 1.9999941E+001, 1.9999922E+001, 1.9999985E+001, 2.0000052E+001, 1.9999767E+001,-6.3919546E-006,-6.4872458E-007,-1.3978402E-005,-3.8150886E-006,-1.1722592E-005,-1.1182367E-005, 9.4820367E-003, 9.4820367E-003, 9.4820367E-003, 9.4820367E-003, 9.4820367E-003, 9.4820367E-003
 5.0043459E+000, 0.0000000E+000, 0.0000000E+000, 7.0680724E-004, 7.0680715E-004, 7.0680657E-004, 7.0680662E-004, 0.0000000E+000, 0.0000000E+000, 0.0000000E+000, 0.0000000E+000, 0.0000000E+000, 0.0000000E+000, 0.0000000E+000, 0.0000000E+000, 3.0000000E+001, 3.0000000E+001, 3.0000000E+001, 3.0000000E+001, 1.9999874E+001, 1.9999913E+001, 2.0000154E+001, 2.0000131E+001,-3.0836707E-006,-2.2853799E-006,-1.6766747E-006,-5.2756259E-007, 9.4820367E-003, 9.4820367E-003, 9.4820367E-003, 9.4820367E-003, 7.0680764E-004, 7.0680710E-004, 7.0680710E-004, 7.0680694E-004, 7.0680672E-004, 7.0680756E-004, 0.0000000E+000, 0.0000000E+000, 0.0000000E+000, 0.0000000E+000, 0.0000000E+000, 0.0000000E+000, 0.0000000E+000, 0.0000000E+000, 0.0000000E+000, 0.0000000E+000, 0.0000000E+000, 0.0000000E+000, 3.0000000E+001, 3.0000000E+001, 3.0000000E+001, 3.0000000E+001, 3.0000000E+001, 3.0000000E+001, 1.9999711E+001, 1.9999934E+001, 1.9999931E+001, 2.0000000E+001, 2.0000090E+001, 1.9999743E+001,-2.9948980E-006,-3.1441035E-007,-5.8538977E-006,-1.8014834E-006,-5.2937081E-006,-5.1474500E-006, 9.4820367E-003, 9.4820367E-003, 9.4820367E-003, 9.4820367E-003, 9.4820367E-003, 9.4820367E-003
 6.0469180E+000, 0.0000000E+000, 0.0000000E+000, 7.0680723E-004, 7.0680713E-004, 7.0680650E-004, 7.0680655E-004, 0.0000000E+000, 0.0000000E+000, 0.0000000E+000, 0.0000000E+000, 0.0000000E+000, 0.0000000E+000, 0.0000000E+000, 0.0000000E+000, 3.0000000E+001, 3.0000000E+001, 3.0000000E+001, 3.0000000E+001, 1.9999878E+001, 1.9999921E+001, 2.0000180E+001, 2.0000159E+001,-1.6745634E-006,-1.2115317E-006,-8.9176849E-007,-3.1679150E-007, 9.4820367E-003, 9.4820367E-003, 9.4820367E-003, 9.4820367E-003, 7.0680771E-004, 7.0680711E-004, 7.0680708E-004, 7.0680690E-004, 7.0680663E-004, 7.0680761E-004, 0.0000000E+000, 0.0000000E+000, 0.0000000E+000, 0.0000000E+000, 0.0000000E+000, 0.0000000E+000, 0.0000000E+000, 0.0000000E+000, 0.0000000E+000, 0.0000000E+000, 0.0000000E+000, 0.0000000E+000, 3.0000000E+001, 3.0000000E+001, 3.0000000E+001, 3.0000000E+001, 3.0000000E+001, 3.0000000E+001, 1.9999680E+001, 1.9999928E+001, 1.9999940E+001, 2.0000016E+001, 2.0000127E+001, 1.9999721E+001,-1.5857118E-006,-2.0389173E-007,-3.0051098E-006,-9.8404576E-007,-2.7168089E-006,-2.6607556E-006, 9.4820367E-003, 9.4820367E-003, 9.4820367E-003, 9.4820367E-003, 9.4820367E-003, 9.4820367E-003
 7.0894901E+000, 0.0000000E+000, 0.0000000E+000, 7.0680722E-004, 7.0680710E-004, 7.0680645E-004, 7.0680648E-004, 0.0000000E+000, 0.0000000E+000, 0.0000000E+000, 0.0000000E+000, 0.0000000E+000, 0.0000000E+000, 0.0000000E+000, 0.0000000E+000, 3.0000000E+001, 3.0000000E+001, 3.0000000E+001, 3.0000000E+001, 1.9999881E+001, 1.9999932E+001, 2.0000203E+001, 2.0000187E+001,-9.3523966E-007,-7.1832241E-007,-5.2023279E-007,-2.0340117E-007, 9.4820367E-003, 9.4820367E-003, 9.4820367E-003, 9.4820367E-003, 7.0680778E-004, 7.0680712E-004, 7.0680707E-004, 7.0680685E-004, 7.0680655E-004, 7.0680766E-004, 0.0000000E+000, 0.0000000E+000, 0.0000000E+000, 0.0000000E+000, 0.0000000E+000, 0.0000000E+000, 0.0000000E+000, 0.0000000E+000, 0.0000000E+000, 0.0000000E+000, 0.0000000E+000, 0.0000000E+000, 3.0000000E+001, 3.0000000E+001, 3.0000000E+001, 3.0000000E+001, 3.0000000E+001, 3.0000000E+001, 1.9999651E+001, 1.9999922E+001, 1.9999946E+001, 2.0000034E+001, 2.0000162E+001, 1.9999701E+001,-9.1763355E-007,-1.4677591E-007,-1.7085774E-006,-6.1025581E-007,-1.4019243E-006,-1.3991069E-006, 9.4820367E-003, 9.4820367E-003, 9.4820367E-003, 9.4820367E-003, 9.4820367E-003, 9.4820367E-003
 8.0278049E+000, 0.0000000E+000, 0.0000000E+000, 7.0680722E-004, 7.0680707E-004, 7.0680640E-004, 7.0680642E-004, 0.0000000E+000, 0.0000000E+000, 0.0000000E+000, 0.0000000E+000, 0.0000000E+000, 0.0000000E+000, 0.0000000E+000, 0.0000000E+000, 3.0000000E+001, 3.0000000E+001, 3.0000000E+001, 3.0000000E+001, 1.9999883E+001, 1.9999944E+001, 2.0000221E+001, 2.0000212E+001,-6.5383884E-007,-5.2751536E-007,-3.8568738E-007,-1.5741448E-007, 9.4820367E-003, 9.4820367E-003, 9.4820367E-003, 9.4820367E-003, 7.0680783E-004, 7.0680714E-004, 7.0680706E-004, 7.0680682E-004, 7.0680647E-004, 7.0680770E-004, 0.0000000E+000, 0.0000000E+000, 0.0000000E+000, 0.0000000E+000, 0.0000000E+000, 0.0000000E+000, 0.0000000E+000, 0.0000000E+000, 0.0000000E+000, 0.0000000E+000, 0.0000000E+000, 0.0000000E+000, 3.0000000E+001, 3.0000000E+001, 3.0000000E+001, 3.0000000E+001, 3.0000000E+001, 3.0000000E+001, 1.9999628E+001, 1.9999917E+001, 1.9999950E+001, 2.0000050E+001, 2.0000193E+001, 1.9999684E+001,-6.6942315E-007,-1.2065643E-007,-1.2083591E-006,-4.5273182E-007,-9.6888436E-007,-9.7326493E-007, 9.4820367E-003, 9.4820367E-003, 9.4820367E-003, 9.4820367E-003, 9.4820367E-003, 9.4820367E-003
 9.0703770E+000, 0.0000000E+000, 0.0000000E+000, 7.0680722E-004, 7.0680704E-004, 7.0680637E-004, 7.0680637E-004, 0.0000000E+000, 0.0000000E+000, 0.0000000E+000, 0.0000000E+000, 0.0000000E+000, 0.0000000E+000, 0.0000000E+000, 0.0000000E+000, 3.0000000E+001, 3.0000000E+001, 3.0000000E+001, 3.0000000E+001, 1.9999884E+001, 1.9999957E+001, 2.0000235E+001, 2.0000236E+001,-5.3529694E-007,-4.3823739E-007,-3.2041268E-007,-1.3633406E-007, 9.4820367E-003, 9.4820367E-003, 9.4820367E-003, 9.4820367E-003, 7.0680788E-004, 7.0680715E-004, 7.0680705E-004, 7.0680678E-004, 7.0680640E-004, 7.0680774E-004, 0.0000000E+000, 0.0000000E+000, 0.0000000E+000, 0.0000000E+000, 0.0000000E+000, 0.0000000E+000, 0.0000000E+000, 0.0000000E+000, 0.0000000E+000, 0.0000000E+000, 0.0000000E+000, 0.0000000E+000, 3.0000000E+001, 3.0000000E+001, 3.0000000E+001, 3.0000000E+001, 3.0000000E+001, 3.0000000E+001, 1.9999607E+001, 1.9999911E+001, 1.9999951E+001, 2.0000065E+001, 2.0000221E+001, 1.9999667E+001,-5.5619332E-007,-1.0960818E-007,-9.2522203E-007,-3.8130280E-007,-7.8541253E-007,-7.8690736E-007, 9.4820367E-003, 9.4820367E-003, 9.4820367E-003, 9.4820367E-003, 9.4820367E-003, 9.4820367E-003
 1.0008692E+001, 0.0000000E+000, 0.0000000E+000, 7.0680721E-004, 7.0680701E-004, 7.0680634E-004, 7.0680631E-004, 0.0000000E+000, 0.0000000E+000, 0.0000000E+000, 0.0000000E+000, 0.0000000E+000, 0.0000000E+000, 0.0000000E+000, 0.0000000E+000, 3.0000000E+001, 3.0000000E+001, 3.0000000E+001, 3.0000000E+001, 1.9999885E+001, 1.9999970E+001, 2.0000247E+001, 2.0000258E+001,-4.6729661E-007,-3.8990774E-007,-2.8412992E-007,-1.2191388E-007, 9.4820367E-003, 9.4820367E-003, 9.4820367E-003, 9.4820367E-003, 7.0680793E-004, 7.0680716E-004, 7.0680706E-004, 7.0680675E-004, 7.0680634E-004, 7.0680778E-004, 0.0000000E+000, 0.0000000E+000, 0.0000000E+000, 0.0000000E+000, 0.0000000E+000, 0.0000000E+000, 0.0000000E+000, 0.0000000E+000, 0.0000000E+000, 0.0000000E+000, 0.0000000E+000, 0.0000000E+000, 3.0000000E+001, 3.0000000E+001, 3.0000000E+001, 3.0000000E+001, 3.0000000E+001, 3.0000000E+001, 1.9999589E+001, 1.9999906E+001, 1.9999951E+001, 2.0000079E+001, 2.0000246E+001, 1.9999652E+001,-4.9554331E-007,-1.0218040E-007,-8.0128090E-007,-3.4137280E-007,-6.7700825E-007,-6.8340222E-007, 9.4820367E-003, 9.4820367E-003, 9.4820367E-003, 9.4820367E-003, 9.4820367E-003, 9.4820367E-003
 1.1051264E+001, 0.0000000E+000, 0.0000000E+000, 7.0680721E-004, 7.0680698E-004, 7.0680632E-004, 7.0680626E-004, 0.0000000E+000, 0.0000000E+000, 0.0000000E+000, 0.0000000E+000, 0.0000000E+000, 0.0000000E+000, 0.0000000E+000, 0.0000000E+000, 3.0000000E+001, 3.0000000E+001, 3.0000000E+001, 3.0000000E+001, 1.9999885E+001, 1.9999984E+001, 2.0000256E+001, 2.0000279E+001,-4.2457731E-007,-3.5788808E-007,-2.6131778E-007,-1.1220015E-007, 9.4820367E-003, 9.4820367E-003, 9.4820367E-003, 9.4820367E-003, 7.0680797E-004, 7.0680717E-004, 7.0680706E-004, 7.0680671E-004, 7.0680629E-004, 7.0680781E-004, 0.0000000E+000, 0.0000000E+000, 0.0000000E+000, 0.0000000E+000, 0.0000000E+000, 0.0000000E+000, 0.0000000E+000, 0.0000000E+000, 0.0000000E+000, 0.0000000E+000, 0.0000000E+000, 0.0000000E+000, 3.0000000E+001, 3.0000000E+001, 3.0000000E+001, 3.0000000E+001, 3.0000000E+001, 3.0000000E+001, 1.9999573E+001, 1.9999901E+001, 1.9999948E+001, 2.0000093E+001, 2.0000268E+001, 1.9999638E+001,-4.5681776E-007,-9.7019711E-008,-7.2965637E-007,-3.1369235E-007,-6.1189983E-007,-6.2141192E-007, 9.4820367E-003, 9.4820367E-003, 9.4820367E-003, 9.4820367E-003, 9.4820367E-003, 9.4820367E-003
 1.2093836E+001, 0.0000000E+000, 0.0000000E+000, 7.0680721E-004, 7.0680694E-004, 7.0680630E-004, 7.0680621E-004, 0.0000000E+000, 0.0000000E+000, 0.0000000E+000, 0.0000000E+000, 0.0000000E+000, 0.0000000E+000, 0.0000000E+000, 0.0000000E+000, 3.0000000E+001, 3.0000000E+001, 3.0000000E+001, 3.0000000E+001, 1.9999885E+001, 1.9999999E+001, 2.0000263E+001, 2.0000300E+001,-3.9602437E-007,-3.3475237E-007,-2.4463549E-007,-1.0488625E-007, 9.4820367E-003, 9.4820367E-003, 9.4820367E-003, 9.4820367E-003, 7.0680800E-004, 7.0680719E-004, 7.0680707E-004, 7.0680668E-004, 7.0680624E-004, 7.0680784E-004, 0.0000000E+000, 0.0000000E+000, 0.0000000E+000, 0.0000000E+000, 0.0000000E+000, 0.0000000E+000, 0.0000000E+000, 0.0000000E+000, 0.0000000E+000, 0.0000000E+000, 0.0000000E+000, 0.0000000E+000, 3.0000000E+001, 3.0000000E+001, 3.0000000E+001, 3.0000000E+001, 3.0000000E+001, 3.0000000E+001, 1.9999559E+001, 1.9999896E+001, 1.9999944E+001, 2.0000107E+001, 2.0000289E+001, 1.9999624E+001,-4.2989273E-007,-9.3399607E-008,-6.7393709E-007,-2.9362351E-007,-5.6689141E-007,-5.7941235E-007, 9.4820367E-003, 9.4820367E-003, 9.4820367E-003, 9.4820367E-003, 9.4820367E-003, 9.4820367E-003
 1.3032151E+001, 0.0000000E+000, 0.0000000E+000, 7.0680722E-004, 7.0680691E-004, 7.0680629E-004, 7.0680617E-004, 0.0000000E+000, 0.0000000E+000, 0.0000000E+000, 0.0000000E+000, 0.0000000E+000, 0.0000000E+000, 0.0000000E+000, 0.0000000E+000, 3.0000000E+001, 3.0000000E+001, 3.0000000E+001, 3.0000000E+001, 1.9999885E+001, 2.0000013E+001, 2.0000268E+001, 2.0000318E+001,-3.7596741E-007,-3.1824090E-007,-2.3284926E-007,-9.9041541E-008, 9.4820367E-003, 9.4820367E-003, 9.4820367E-003, 9.4820367E-003, 7.0680803E-004, 7.0680720E-004, 7.0680709E-004, 7.0680665E-004, 7.0680620E-004, 7.0680787E-004, 0.0000000E+000, 0.0000000E+000, 0.0000000E+000, 0.0000000E+000, 0.0000000E+000, 0.0000000E+000, 0.0000000E+000, 0.0000000E+000, 0.0000000E+000, 0.0000000E+000, 0.0000000E+000, 0.0000000E+000, 3.0000000E+001, 3.0000000E+001, 3.0000000E+001, 3.0000000E+001, 3.0000000E+001, 3.0000000E+001, 1.9999547E+001, 1.9999891E+001, 1.9999938E+001, 2.0000120E+001, 2.0000306E+001, 1.9999612E+001,-4.1132141E-007,-9.0689214E-008,-6.3663863E-007,-2.7891758E-007,-5.3501877E-007,-5.5075402E-007, 9.4820367E-003, 9.4820367E-003, 9.4820367E-003, 9.4820367E-003, 9.4820367E-003, 9.4820367E-003
 1.4074723E+001, 0.0000000E+000, 0.0000000E+000, 7.0680722E-004, 7.0680687E-004, 7.0680628E-004, 7.0680613E-004, 0.0000000E+000, 0.0000000E+000, 0.0000000E+000, 0.0000000E+000, 0.0000000E+000, 0.0000000E+000, 0.0000000E+000, 0.0000000E+000, 3.0000000E+001, 3.0000000E+001, 3.0000000E+001, 3.0000000E+001, 1.9999884E+001, 2.0000027E+001, 2.0000271E+001, 2.0000336E+001,-3.6021556E-007,-3.0476568E-007,-2.2354492E-007,-9.4190943E-008, 9.4820367E-003, 9.4820367E-003, 9.4820367E-003, 9.4820367E-003, 7.0680805E-004, 7.0680721E-004, 7.0680710E-004, 7.0680662E-004, 7.0680616E-004, 7.0680790E-004, 0.0000000E+000, 0.0000000E+000, 0.0000000E+000, 0.0000000E+000, 0.0000000E+000, 0.0000000E+000, 0.0000000E+000, 0.0000000E+000, 0.0000000E+000, 0.0000000E+000, 0.0000000E+000, 0.0000000E+000, 3.0000000E+001, 3.0000000E+001, 3.0000000E+001, 3.0000000E+001, 3.0000000E+001, 3.0000000E+001, 1.9999537E+001, 1.9999885E+001, 1.9999932E+001, 2.0000132E+001, 2.0000322E+001, 1.9999601E+001,-3.9664523E-007,-8.8460341E-008,-6.0815746E-007,-2.6673327E-007,-5.0992749E-007,-5.2860492E-007, 9.4820367E-003, 9.4820367E-003, 9.4820367E-003, 9.4820367E-003, 9.4820367E-003, 9.4820367E-003
 1.5013038E+001, 0.0000000E+000, 0.0000000E+000, 7.0680722E-004, 7.0680684E-004, 7.0680628E-004, 7.0680609E-004, 0.0000000E+000, 0.0000000E+000, 0.0000000E+000, 0.0000000E+000, 0.0000000E+000, 0.0000000E+000, 0.0000000E+000, 0.0000000E+000, 3.0000000E+001, 3.0000000E+001, 3.0000000E+001, 3.0000000E+001, 1.9999883E+001, 2.0000042E+001, 2.0000273E+001, 2.0000354E+001,-3.4751445E-007,-2.9346548E-007,-2.1582386E-007,-9.0204901E-008, 9.4820367E-003, 9.4820367E-003, 9.4820367E-003, 9.4820367E-003, 7.0680807E-004, 7.0680723E-004, 7.0680712E-004, 7.0680659E-004, 7.0680613E-004, 7.0680792E-004, 0.0000000E+000, 0.0000000E+000, 0.0000000E+000, 0.0000000E+000, 0.0000000E+000, 0.0000000E+000, 0.0000000E+000, 0.0000000E+000, 0.0000000E+000, 0.0000000E+000, 0.0000000E+000, 0.0000000E+000, 3.0000000E+001, 3.0000000E+001, 3.0000000E+001, 3.0000000E+001, 3.0000000E+001, 3.0000000E+001, 1.9999529E+001, 1.9999879E+001, 1.9999925E+001, 2.0000144E+001, 2.0000336E+001, 1.9999591E+001,-3.8453423E-007,-8.6792451E-008,-5.8430351E-007,-2.5666153E-007,-4.8974361E-007,-5.1078511E-007, 9.4820367E-003, 9.4820367E-003, 9.4820367E-003, 9.4820367E-003, 9.4820367E-003, 9.4820367E-003
 1.6055610E+001, 0.0000000E+000, 0.0000000E+000, 7.0680722E-004, 7.0680680E-004, 7.0680628E-004, 7.0680605E-004, 0.0000000E+000, 0.0000000E+000, 0.0000000E+000, 0.0000000E+000, 0.0000000E+000, 0.0000000E+000, 0.0000000E+000, 0.0000000E+000, 3.0000000E+001, 3.0000000E+001, 3.0000000E+001, 3.0000000E+001, 1.9999881E+001, 2.0000056E+001, 2.0000274E+001, 2.0000370E+001,-3.3658245E-007,-2.8365981E-007,-2.0924403E-007,-8.6450248E-008, 9.4820367E-003, 9.4820367E-003, 9.4820367E-003, 9.4820367E-003, 7.0680809E-004, 7.0680724E-004, 7.0680714E-004, 7.0680656E-004, 7.0680609E-004, 7.0680794E-004, 0.0000000E+000, 0.0000000E+000, 0.0000000E+000, 0.0000000E+000, 0.0000000E+000, 0.0000000E+000, 0.0000000E+000, 0.0000000E+000, 0.0000000E+000, 0.0000000E+000, 0.0000000E+000, 0.0000000E+000, 3.0000000E+001, 3.0000000E+001, 3.0000000E+001, 3.0000000E+001, 3.0000000E+001, 3.0000000E+001, 1.9999522E+001, 1.9999874E+001, 1.9999917E+001, 2.0000156E+001, 2.0000350E+001, 1.9999583E+001,-3.7421617E-007,-8.5325598E-008,-5.6468373E-007,-2.4786635E-007,-4.7215298E-007,-4.9541429E-007, 9.4820367E-003, 9.4820367E-003, 9.4820367E-003, 9.4820367E-003, 9.4820367E-003, 9.4820367E-003
 1.7098182E+001, 0.0000000E+000, 0.0000000E+000, 7.0680723E-004, 7.0680677E-004, 7.0680628E-004, 7.0680601E-004, 0.0000000E+000, 0.0000000E+000, 0.0000000E+000, 0.0000000E+000, 0.0000000E+000, 0.0000000E+000, 0.0000000E+000, 0.0000000E+000, 3.0000000E+001, 3.0000000E+001, 3.0000000E+001, 3.0000000E+001, 1.9999879E+001, 2.0000071E+001, 2.0000273E+001, 2.0000386E+001,-3.2679902E-007,-2.7459202E-007,-2.0333288E-007,-8.3036125E-008, 9.4820367E-003, 9.4820367E-003, 9.4820367E-003, 9.4820367E-003, 7.0680811E-004, 7.0680726E-004, 7.0680716E-004, 7.0680653E-004, 7.0680606E-004, 7.0680797E-004, 0.0000000E+000, 0.0000000E+000, 0.0000000E+000, 0.0000000E+000, 0.0000000E+000, 0.0000000E+000, 0.0000000E+000, 0.0000000E+000, 0.0000000E+000, 0.0000000E+000, 0.0000000E+000, 0.0000000E+000, 3.0000000E+001, 3.0000000E+001, 3.0000000E+001, 3.0000000E+001, 3.0000000E+001, 3.0000000E+001, 1.9999515E+001, 1.9999867E+001, 1.9999909E+001, 2.0000168E+001, 2.0000365E+001, 1.9999574E+001,-3.6488802E-007,-8.4051917E-008,-5.4680569E-007,-2.3971157E-007,-4.5625238E-007,-4.8181934E-007, 9.4820367E-003, 9.4820367E-003, 9.4820367E-003, 9.4820367E-003, 9.4820367E-003, 9.4820367E-003
 1.8036497E+001, 0.0000000E+000, 0.0000000E+000, 7.0680723E-004, 7.0680673E-004, 7.0680628E-004, 7.0680597E-004, 0.0000000E+000, 0.0000000E+000, 0.0000000E+000, 0.0000000E+000, 0.0000000E+000, 0.0000000E+000, 0.0000000E+000, 0.0000000E+000, 3.0000000E+001, 3.0000000E+001, 3.0000000E+001, 3.0000000E+001, 1.9999878E+001, 2.0000085E+001, 2.0000272E+001, 2.0000401E+001,-3.1857894E-007,-2.6671600E-007,-1.9826997E-007,-8.0142292E-008, 9.4820367E-003, 9.4820367E-003, 9.4820367E-003, 9.4820367E-003, 7.0680812E-004, 7.0680728E-004, 7.0680718E-004, 7.0680651E-004, 7.0680603E-004, 7.0680798E-004, 0.0000000E+000, 0.0000000E+000, 0.0000000E+000, 0.0000000E+000, 0.0000000E+000, 0.0000000E+000, 0.0000000E+000, 0.0000000E+000, 0.0000000E+000, 0.0000000E+000, 0.0000000E+000, 0.0000000E+000, 3.0000000E+001, 3.0000000E+001, 3.0000000E+001, 3.0000000E+001, 3.0000000E+001, 3.0000000E+001, 1.9999510E+001, 1.9999860E+001, 1.9999901E+001, 2.0000179E+001, 2.0000378E+001, 1.9999567E+001,-3.5686315E-007,-8.3081976E-008,-5.3129391E-007,-2.3271106E-007,-4.4289353E-007,-4.7038278E-007, 9.4820367E-003, 9.4820367E-003, 9.4820367E-003, 9.4820367E-003, 9.4820367E-003, 9.4820367E-003
 1.9079069E+001, 0.0000000E+000, 0.0000000E+000, 7.0680724E-004, 7.0680670E-004, 7.0680629E-004, 7.0680594E-004, 0.0000000E+000, 0.0000000E+000, 0.0000000E+000, 0.0000000E+000, 0.0000000E+000, 0.0000000E+000, 0.0000000E+000, 0.0000000E+000, 3.0000000E+001, 3.0000000E+001, 3.0000000E+001, 3.0000000E+001, 1.9999876E+001, 2.0000098E+001, 2.0000269E+001, 2.0000415E+001,-3.1128182E-007,-2.5965267E-007,-1.9385034E-007,-7.7340466E-008, 9.4820367E-003, 9.4820367E-003, 9.4820367E-003, 9.4820367E-003, 7.0680813E-004, 7.0680729E-004, 7.0680720E-004, 7.0680648E-004, 7.0680600E-004, 7.0680800E-004, 0.0000000E+000, 0.0000000E+000, 0.0000000E+000, 0.0000000E+000, 0.0000000E+000, 0.0000000E+000, 0.0000000E+000, 0.0000000E+000, 0.0000000E+000, 0.0000000E+000, 0.0000000E+000, 0.0000000E+000, 3.0000000E+001, 3.0000000E+001, 3.0000000E+001, 3.0000000E+001, 3.0000000E+001, 3.0000000E+001, 1.9999506E+001, 1.9999853E+001, 1.9999892E+001, 2.0000190E+001, 2.0000390E+001, 1.9999560E+001,-3.4975743E-007,-8.2226063E-008,-5.1811887E-007,-2.2640271E-007,-4.3073728E-007,-4.6004249E-007, 9.4820367E-003, 9.4820367E-003, 9.4820367E-003, 9.4820367E-003, 9.4820367E-003, 9.4820367E-003
 2.0017384E+001, 0.0000000E+000, 0.0000000E+000, 7.0680724E-004, 7.0680667E-004, 7.0680630E-004, 7.0680591E-004, 0.0000000E+000, 0.0000000E+000, 0.0000000E+000, 0.0000000E+000, 0.0000000E+000, 0.0000000E+000, 0.0000000E+000, 0.0000000E+000, 3.0000000E+001, 3.0000000E+001, 3.0000000E+001, 3.0000000E+001, 1.9999874E+001, 2.0000111E+001, 2.0000265E+001, 2.0000428E+001,-3.0488147E-007,-2.5329426E-007,-1.8996470E-007,-7.4933203E-008, 9.4820367E-003, 9.4820367E-003, 9.4820367E-003, 9.4820367E-003, 7.0680814E-004, 7.0680731E-004, 7.0680722E-004, 7.0680646E-004, 7.0680597E-004, 7.0680802E-004, 0.0000000E+000, 0.0000000E+000, 0.0000000E+000, 0.0000000E+000, 0.0000000E+000, 0.0000000E+000, 0.0000000E+000, 0.0000000E+000, 0.0000000E+000, 0.0000000E+000, 0.0000000E+000, 0.0000000E+000, 3.0000000E+001, 3.0000000E+001, 3.0000000E+001, 3.0000000E+001, 3.0000000E+001, 3.0000000E+001, 1.9999503E+001, 1.9999846E+001, 1.9999884E+001, 2.0000200E+001, 2.0000401E+001, 1.9999554E+001,-3.4346213E-007,-8.1547970E-008,-5.0620901E-007,-2.2071708E-007,-4.2010714E-007,-4.5117070E-007, 9.4820367E-003, 9.4820367E-003, 9.4820367E-003, 9.4820367E-003, 9.4820367E-003, 9.4820367E-003
 2.1059956E+001, 0.0000000E+000, 0.0000000E+000, 7.0680725E-004, 7.0680664E-004, 7.0680631E-004, 7.0680588E-004, 0.0000000E+000, 0.0000000E+000, 0.0000000E+000, 0.0000000E+000, 0.0000000E+000, 0.0000000E+000, 0.0000000E+000, 0.0000000E+000, 3.0000000E+001, 3.0000000E+001, 3.0000000E+001, 3.0000000E+001, 1.9999871E+001, 2.0000123E+001, 2.0000260E+001, 2.0000441E+001,-2.9908558E-007,-2.4734642E-007,-1.8642295E-007,-7.2679440E-008, 9.4820367E-003, 9.4820367E-003, 9.4820367E-003, 9.4820367E-003, 7.0680814E-004, 7.0680733E-004, 7.0680724E-004, 7.0680643E-004, 7.0680595E-004, 7.0680803E-004, 0.0000000E+000, 0.0000000E+000, 0.0000000E+000, 0.0000000E+000, 0.0000000E+000, 0.0000000E+000, 0.0000000E+000, 0.0000000E+000, 0.0000000E+000, 0.0000000E+000, 0.0000000E+000, 0.0000000E+000, 3.0000000E+001, 3.0000000E+001, 3.0000000E+001, 3.0000000E+001, 3.0000000E+001, 3.0000000E+001, 1.9999501E+001, 1.9999838E+001, 1.9999875E+001, 2.0000211E+001, 2.0000410E+001, 1.9999548E+001,-3.3760542E-007,-8.1000686E-008,-4.9524775E-007,-2.1544586E-007,-4.1040397E-007,-4.4300070E-007, 9.4820367E-003, 9.4820367E-003, 9.4820367E-003, 9.4820367E-003, 9.4820367E-003, 9.4820367E-003
 2.2102528E+001, 0.0000000E+000, 0.0000000E+000, 7.0680726E-004, 7.0680661E-004, 7.0680633E-004, 7.0680585E-004, 0.0000000E+000, 0.0000000E+000, 0.0000000E+000, 0.0000000E+000, 0.0000000E+000, 0.0000000E+000, 0.0000000E+000, 0.0000000E+000, 3.0000000E+001, 3.0000000E+001, 3.0000000E+001, 3.0000000E+001, 1.9999869E+001, 2.0000136E+001, 2.0000255E+001, 2.0000453E+001,-2.9354532E-007,-2.4162648E-007,-1.8309185E-007,-7.0440037E-008, 9.4820367E-003, 9.4820367E-003, 9.4820367E-003, 9.4820367E-003, 7.0680815E-004, 7.0680735E-004, 7.0680726E-004, 7.0680641E-004, 7.0680593E-004, 7.0680805E-004, 0.0000000E+000, 0.0000000E+000, 0.0000000E+000, 0.0000000E+000, 0.0000000E+000, 0.0000000E+000, 0.0000000E+000, 0.0000000E+000, 0.0000000E+000, 0.0000000E+000, 0.0000000E+000, 0.0000000E+000, 3.0000000E+001, 3.0000000E+001, 3.0000000E+001, 3.0000000E+001, 3.0000000E+001, 3.0000000E+001, 1.9999499E+001, 1.9999829E+001, 1.9999867E+001, 2.0000221E+001, 2.0000418E+001, 1.9999542E+001,-3.3202424E-007,-8.0522542E-008,-4.8509627E-007,-2.1036696E-007,-4.0103213E-007,-4.3511855E-007, 9.4820367E-003, 9.4820367E-003, 9.4820367E-003, 9.4820367E-003, 9.4820367E-003, 9.4820367E-003
 2.3040843E+001, 0.0000000E+000, 0.0000000E+000, 7.0680726E-004, 7.0680659E-004, 7.0680634E-004, 7.0680582E-004, 0.0000000E+000, 0.0000000E+000, 0.0000000E+000, 0.0000000E+000, 0.0000000E+000, 0.0000000E+000, 0.0000000E+000, 0.0000000E+000, 3.0000000E+001, 3.0000000E+001, 3.0000000E+001, 3.0000000E+001, 1.9999867E+001, 2.0000147E+001, 2.0000249E+001, 2.0000464E+001,-2.8863242E-007,-2.3642845E-007,-1.8011915E-007,-6.8511815E-008, 9.4820367E-003, 9.4820367E-003, 9.4820367E-003, 9.4820367E-003, 7.0680815E-004, 7.0680738E-004, 7.0680728E-004, 7.0680638E-004, 7.0680592E-004, 7.0680806E-004, 0.0000000E+000, 0.0000000E+000, 0.0000000E+000, 0.0000000E+000, 0.0000000E+000, 0.0000000E+000, 0.0000000E+000, 0.0000000E+000, 0.0000000E+000, 0.0000000E+000, 0.0000000E+000, 0.0000000E+000, 3.0000000E+001, 3.0000000E+001, 3.0000000E+001, 3.0000000E+001, 3.0000000E+001, 3.0000000E+001, 1.9999498E+001, 1.9999820E+001, 1.9999859E+001, 2.0000231E+001, 2.0000425E+001, 1.9999537E+001,-3.2702499E-007,-8.0169688E-008,-4.7578502E-007,-2.0575879E-007,-3.9280057E-007,-4.2826879E-007, 9.4820367E-003, 9.4820367E-003, 9.4820367E-003, 9.4820367E-003, 9.4820367E-003, 9.4820367E-003
 2.4083415E+001, 0.0000000E+000, 0.0000000E+000, 7.0680727E-004, 7.0680656E-004, 7.0680636E-004, 7.0680580E-004, 0.0000000E+000, 0.0000000E+000, 0.0000000E+000, 0.0000000E+000, 0.0000000E+000, 0.0000000E+000, 0.0000000E+000, 0.0000000E+000, 3.0000000E+001, 3.0000000E+001, 3.0000000E+001, 3.0000000E+001, 1.9999865E+001, 2.0000159E+001, 2.0000243E+001, 2.0000475E+001,-2.8414824E-007,-2.3152309E-007,-1.7741339E-007,-6.6680462E-008, 9.4820367E-003, 9.4820367E-003, 9.4820367E-003, 9.4820367E-003, 7.0680815E-004, 7.0680740E-004, 7.0680730E-004, 7.0680636E-004, 7.0680590E-004, 7.0680807E-004, 0.0000000E+000, 0.0000000E+000, 0.0000000E+000, 0.0000000E+000, 0.0000000E+000, 0.0000000E+000, 0.0000000E+000, 0.0000000E+000, 0.0000000E+000, 0.0000000E+000, 0.0000000E+000, 0.0000000E+000, 3.0000000E+001, 3.0000000E+001, 3.0000000E+001, 3.0000000E+001, 3.0000000E+001, 3.0000000E+001, 1.9999498E+001, 1.9999810E+001, 1.9999852E+001, 2.0000241E+001, 2.0000431E+001, 1.9999532E+001,-3.2231516E-007,-7.9911194E-008,-4.6722763E-007,-2.0144422E-007,-3.8514540E-007,-4.2184321E-007, 9.4820367E-003, 9.4820367E-003, 9.4820367E-003, 9.4820367E-003, 9.4820367E-003, 9.4820367E-003
 2.5021730E+001, 0.0000000E+000, 0.0000000E+000, 7.0680727E-004, 7.0680653E-004, 7.0680637E-004, 7.0680578E-004, 0.0000000E+000, 0.0000000E+000, 0.0000000E+000, 0.0000000E+000, 0.0000000E+000, 0.0000000E+000, 0.0000000E+000, 0.0000000E+000, 3.0000000E+001, 3.0000000E+001, 3.0000000E+001, 3.0000000E+001, 1.9999862E+001, 2.0000170E+001, 2.0000236E+001, 2.0000484E+001,-2.8004616E-007,-2.2701181E-007,-1.7496744E-007,-6.4978491E-008, 9.4820367E-003, 9.4820367E-003, 9.4820367E-003, 9.4820367E-003, 7.0680815E-004, 7.0680742E-004, 7.0680732E-004, 7.0680634E-004, 7.0680589E-004, 7.0680808E-004, 0.0000000E+000, 0.0000000E+000, 0.0000000E+000, 0.0000000E+000, 0.0000000E+000, 0.0000000E+000, 0.0000000E+000, 0.0000000E+000, 0.0000000E+000, 0.0000000E+000, 0.0000000E+000, 0.0000000E+000, 3.0000000E+001, 3.0000000E+001, 3.0000000E+001, 3.0000000E+001, 3.0000000E+001, 3.0000000E+001, 1.9999498E+001, 1.9999800E+001, 1.9999844E+001, 2.0000251E+001, 2.0000437E+001, 1.9999527E+001,-3.1801625E-007,-7.9730360E-008,-4.5960168E-007,-1.9747187E-007,-3.7803923E-007,-4.1593379E-007, 9.4820367E-003, 9.4820367E-003, 9.4820367E-003, 9.4820367E-003, 9.4820367E-003, 9.4820367E-003
 2.6064302E+001, 0.0000000E+000, 0.0000000E+000, 7.0680728E-004, 7.0680651E-004, 7.0680639E-004, 7.0680575E-004, 0.0000000E+000, 0.0000000E+000, 0.0000000E+000, 0.0000000E+000, 0.0000000E+000, 0.0000000E+000, 0.0000000E+000, 0.0000000E+000, 3.0000000E+001, 3.0000000E+001, 3.0000000E+001, 3.0000000E+001, 1.9999860E+001, 2.0000181E+001, 2.0000230E+001, 2.0000493E+001,-2.7619222E-007,-2.2268154E-007,-1.7263524E-007,-6.3452135E-008, 9.4820367E-003, 9.4820367E-003, 9.4820367E-003, 9.4820367E-003, 7.0680815E-004, 7.0680745E-004, 7.0680733E-004, 7.0680631E-004, 7.0680588E-004, 7.0680809E-004, 0.0000000E+000, 0.0000000E+000, 0.0000000E+000, 0.0000000E+000, 0.0000000E+000, 0.0000000E+000, 0.0000000E+000, 0.0000000E+000, 0.0000000E+000, 0.0000000E+000, 0.0000000E+000, 0.0000000E+000, 3.0000000E+001, 3.0000000E+001, 3.0000000E+001, 3.0000000E+001, 3.0000000E+001, 3.0000000E+001, 1.9999499E+001, 1.9999790E+001, 1.9999838E+001, 2.0000261E+001, 2.0000442E+001, 1.9999523E+001,-3.1392580E-007,-7.9639718E-008,-4.5211009E-007,-1.9367333E-007,-3.7148620E-007,-4.1049020E-007, 9.4820367E-003, 9.4820367E-003, 9.4820367E-003, 9.4820367E-003, 9.4820367E-003, 9.4820367E-003
 2.7002617E+001, 0.0000000E+000, 0.0000000E+000, 7.0680729E-004, 7.0680648E-004, 7.0680641E-004, 7.0680573E-004, 0.0000000E+000, 0.0000000E+000, 0.0000000E+000, 0.0000000E+000, 0.0000000E+000, 0.0000000E+000, 0.0000000E+000, 0.0000000E+000, 3.0000000E+001, 3.0000000E+001, 3.0000000E+001, 3.0000000E+001, 1.9999858E+001, 2.0000192E+001, 2.0000223E+001, 2.0000501E+001,-2.7260309E-007,-2.1854260E-007,-1.7050499E-007,-6.1965232E-008, 9.4820367E-003, 9.4820367E-003, 9.4820367E-003, 9.4820367E-003, 7.0680815E-004, 7.0680748E-004, 7.0680735E-004, 7.0680629E-004, 7.0680587E-004, 7.0680810E-004, 0.0000000E+000, 0.0000000E+000, 0.0000000E+000, 0.0000000E+000, 0.0000000E+000, 0.0000000E+000, 0.0000000E+000, 0.0000000E+000, 0.0000000E+000, 0.0000000E+000, 0.0000000E+000, 0.0000000E+000, 3.0000000E+001, 3.0000000E+001, 3.0000000E+001, 3.0000000E+001, 3.0000000E+001, 3.0000000E+001, 1.9999500E+001, 1.9999778E+001, 1.9999831E+001, 2.0000270E+001, 2.0000446E+001, 1.9999519E+001,-3.1001941E-007,-7.9621035E-008,-4.4524706E-007,-1.9006380E-007,-3.6519257E-007,-4.0525410E-007, 9.4820367E-003, 9.4820367E-003, 9.4820367E-003, 9.4820367E-003, 9.4820367E-003, 9.4820367E-003
 2.8045189E+001, 0.0000000E+000, 0.0000000E+000, 7.0680729E-004, 7.0680646E-004, 7.0680642E-004, 7.0680572E-004, 0.0000000E+000, 0.0000000E+000, 0.0000000E+000, 0.0000000E+000, 0.0000000E+000, 0.0000000E+000, 0.0000000E+000, 0.0000000E+000, 3.0000000E+001, 3.0000000E+001, 3.0000000E+001, 3.0000000E+001, 1.9999856E+001, 2.0000202E+001, 2.0000216E+001, 2.0000509E+001,-2.6927433E-007,-2.1464130E-007,-1.6851378E-007,-6.0591139E-008, 9.4820367E-003, 9.4820367E-003, 9.4820367E-003, 9.4820367E-003, 7.0680815E-004, 7.0680751E-004, 7.0680737E-004, 7.0680627E-004, 7.0680586E-004, 7.0680811E-004, 0.0000000E+000, 0.0000000E+000, 0.0000000E+000, 0.0000000E+000, 0.0000000E+000, 0.0000000E+000, 0.0000000E+000, 0.0000000E+000, 0.0000000E+000, 0.0000000E+000, 0.0000000E+000, 0.0000000E+000, 3.0000000E+001, 3.0000000E+001, 3.0000000E+001, 3.0000000E+001, 3.0000000E+001, 3.0000000E+001, 1.9999501E+001, 1.9999766E+001, 1.9999825E+001, 2.0000280E+001, 2.0000451E+001, 1.9999515E+001,-3.0637016E-007,-7.9670886E-008,-4.3887033E-007,-1.8666006E-007,-3.5928735E-007,-4.0039641E-007, 9.4820367E-003, 9.4820367E-003, 9.4820367E-003, 9.4820367E-003, 9.4820367E-003, 9.4820367E-003
 2.9087761E+001, 0.0000000E+000, 0.0000000E+000, 7.0680730E-004, 7.0680643E-004, 7.0680644E-004, 7.0680570E-004, 0.0000000E+000, 0.0000000E+000, 0.0000000E+000, 0.0000000E+000, 0.0000000E+000, 0.0000000E+000, 0.0000000E+000, 0.0000000E+000, 3.0000000E+001, 3.0000000E+001, 3.0000000E+001, 3.0000000E+001, 1.9999853E+001, 2.0000213E+001, 2.0000208E+001, 2.0000518E+001,-2.6587923E-007,-2.1060309E-007,-1.6647002E-007,-5.9241252E-008, 9.4820367E-003, 9.4820367E-003, 9.4820367E-003, 9.4820367E-003, 7.0680814E-004, 7.0680754E-004, 7.0680738E-004, 7.0680625E-004, 7.0680585E-004, 7.0680812E-004, 0.0000000E+000, 0.0000000E+000, 0.0000000E+000, 0.0000000E+000, 0.0000000E+000, 0.0000000E+000, 0.0000000E+000, 0.0000000E+000, 0.0000000E+000, 0.0000000E+000, 0.0000000E+000, 0.0000000E+000, 3.0000000E+001, 3.0000000E+001, 3.0000000E+001, 3.0000000E+001, 3.0000000E+001, 3.0000000E+001, 1.9999503E+001, 1.9999753E+001, 1.9999819E+001, 2.0000290E+001, 2.0000455E+001, 1.9999511E+001,-3.0261180E-007,-7.9804491E-008,-4.3216134E-007,-1.8314762E-007,-3.5338492E-007,-3.9549872E-007, 9.4820367E-003, 9.4820367E-003, 9.4820367E-003, 9.4820367E-003, 9.4820367E-003, 9.4820367E-003
 3.0026076E+001, 0.0000000E+000, 0.0000000E+000, 7.0680730E-004, 7.0680641E-004, 7.0680646E-004, 7.0680568E-004, 0.0000000E+000, 0.0000000E+000, 0.0000000E+000, 0.0000000E+000, 0.0000000E+000, 0.0000000E+000, 0.0000000E+000, 0.0000000E+000, 3.0000000E+001, 3.0000000E+001, 3.0000000E+001, 3.0000000E+001, 1.9999851E+001, 2.0000223E+001, 2.0000200E+001, 2.0000525E+001,-2.6295198E-007,-2.0703326E-007,-1.6476516E-007,-5.8016677E-008, 9.4820367E-003, 9.4820367E-003, 9.4820367E-003, 9.4820367E-003, 7.0680814E-004, 7.0680757E-004, 7.0680740E-004, 7.0680622E-004, 7.0680584E-004, 7.0680813E-004, 0.0000000E+000, 0.0000000E+000, 0.0000000E+000, 0.0000000E+000, 0.0000000E+000, 0.0000000E+000, 0.0000000E+000, 0.0000000E+000, 0.0000000E+000, 0.0000000E+000, 0.0000000E+000, 0.0000000E+000, 3.0000000E+001, 3.0000000E+001, 3.0000000E+001, 3.0000000E+001, 3.0000000E+001, 3.0000000E+001, 1.9999505E+001, 1.9999740E+001, 1.9999813E+001, 2.0000299E+001, 2.0000458E+001, 1.9999508E+001,-2.9929802E-007,-7.9985203E-008,-4.2653137E-007,-1.8004661E-007,-3.4809074E-007,-3.9112082E-007, 9.4820367E-003, 9.4820367E-003, 9.4820367E-003, 9.4820367E-003, 9.4820367E-003, 9.4820367E-003
 3.1068648E+001, 0.0000000E+000, 0.0000000E+000, 7.0680731E-004, 7.0680638E-004, 7.0680648E-004, 7.0680566E-004, 0.0000000E+000, 0.0000000E+000, 0.0000000E+000, 0.0000000E+000, 0.0000000E+000, 0.0000000E+000, 0.0000000E+000, 0.0000000E+000, 3.0000000E+001, 3.0000000E+001, 3.0000000E+001, 3.0000000E+001, 1.9999848E+001, 2.0000233E+001, 2.0000192E+001, 2.0000532E+001,-2.6016667E-007,-2.0356058E-007,-1.6309376E-007,-5.6886217E-008, 9.4820367E-003, 9.4820367E-003, 9.4820367E-003, 9.4820367E-003, 7.0680813E-004, 7.0680761E-004, 7.0680741E-004, 7.0680620E-004, 7.0680583E-004, 7.0680814E-004, 0.0000000E+000, 0.0000000E+000, 0.0000000E+000, 0.0000000E+000, 0.0000000E+000, 0.0000000E+000, 0.0000000E+000, 0.0000000E+000, 0.0000000E+000, 0.0000000E+000, 0.0000000E+000, 0.0000000E+000, 3.0000000E+001, 3.0000000E+001, 3.0000000E+001, 3.0000000E+001, 3.0000000E+001, 3.0000000E+001, 1.9999507E+001, 1.9999726E+001, 1.9999808E+001, 2.0000309E+001, 2.0000461E+001, 1.9999505E+001,-2.9610737E-007,-8.0207470E-008,-4.2101397E-007,-1.7702783E-007,-3.4305468E-007,-3.8697960E-007, 9.4820367E-003, 9.4820367E-003, 9.4820367E-003, 9.4820367E-003, 9.4820367E-003, 9.4820367E-003
 3.2006963E+001, 0.0000000E+000, 0.0000000E+000, 7.0680732E-004, 7.0680636E-004, 7.0680650E-004, 7.0680565E-004, 0.0000000E+000, 0.0000000E+000, 0.0000000E+000, 0.0000000E+000, 0.0000000E+000, 0.0000000E+000, 0.0000000E+000, 0.0000000E+000, 3.0000000E+001, 3.0000000E+001, 3.0000000E+001, 3.0000000E+001, 1.9999846E+001, 2.0000242E+001, 2.0000185E+001, 2.0000539E+001,-2.5751210E-007,-2.0022959E-007,-1.6150548E-007,-5.5848801E-008, 9.4820367E-003, 9.4820367E-003, 9.4820367E-003, 9.4820367E-003, 7.0680813E-004, 7.0680764E-004, 7.0680742E-004, 7.0680618E-004, 7.0680583E-004, 7.0680815E-004, 0.0000000E+000, 0.0000000E+000, 0.0000000E+000, 0.0000000E+000, 0.0000000E+000, 0.0000000E+000, 0.0000000E+000, 0.0000000E+000, 0.0000000E+000, 0.0000000E+000, 0.0000000E+000, 0.0000000E+000, 3.0000000E+001, 3.0000000E+001, 3.0000000E+001, 3.0000000E+001, 3.0000000E+001, 3.0000000E+001, 1.9999510E+001, 1.9999713E+001, 1.9999802E+001, 2.0000318E+001, 2.0000463E+001, 1.9999502E+001,-2.9305259E-007,-8.0478848E-008,-4.1569825E-007,-1.7414977E-007,-3.3835269E-007,-3.8305824E-007, 9.4820367E-003, 9.4820367E-003, 9.4820367E-003, 9.4820367E-003, 9.4820367E-003, 9.4820367E-003
 3.3049535E+001, 0.0000000E+000, 0.0000000E+000, 7.0680732E-004, 7.0680634E-004, 7.0680652E-004, 7.0680563E-004, 0.0000000E+000, 0.0000000E+000, 0.0000000E+000, 0.0000000E+000, 0.0000000E+000, 0.0000000E+000, 0.0000000E+000, 0.0000000E+000, 3.0000000E+001, 3.0000000E+001, 3.0000000E+001, 3.0000000E+001, 1.9999843E+001, 2.0000251E+001, 2.0000178E+001, 2.0000545E+001,-2.5505027E-007,-1.9706492E-007,-1.6004884E-007,-5.4843302E-008, 9.4820367E-003, 9.4820367E-003, 9.4820367E-003, 9.4820367E-003, 7.0680812E-004, 7.0680767E-004, 7.0680743E-004, 7.0680616E-004, 7.0680583E-004, 7.0680816E-004, 0.0000000E+000, 0.0000000E+000, 0.0000000E+000, 0.0000000E+000, 0.0000000E+000, 0.0000000E+000, 0.0000000E+000, 0.0000000E+000, 0.0000000E+000, 0.0000000E+000, 0.0000000E+000, 0.0000000E+000, 3.0000000E+001, 3.0000000E+001, 3.0000000E+001, 3.0000000E+001, 3.0000000E+001, 3.0000000E+001, 1.9999512E+001, 1.9999699E+001, 1.9999797E+001, 2.0000327E+001, 2.0000465E+001, 1.9999499E+001,-2.9016520E-007,-8.0784874E-008,-4.1090714E-007,-1.7141046E-007,-3.3377793E-007,-3.7928703E-007, 9.4820367E-003, 9.4820367E-003, 9.4820367E-003, 9.4820367E-003, 9.4820367E-003, 9.4820367E-003
 3.4092107E+001, 0.0000000E+000, 0.0000000E+000, 7.0680733E-004, 7.0680632E-004, 7.0680654E-004, 7.0680562E-004, 0.0000000E+000, 0.0000000E+000, 0.0000000E+000, 0.0000000E+000, 0.0000000E+000, 0.0000000E+000, 0.0000000E+000, 0.0000000E+000, 3.0000000E+001, 3.0000000E+001, 3.0000000E+001, 3.0000000E+001, 1.9999841E+001, 2.0000261E+001, 2.0000170E+001, 2.0000551E+001,-2.5252233E-007,-1.9373859E-007,-1.5847584E-007,-5.3871689E-008, 9.4820367E-003, 9.4820367E-003, 9.4820367E-003, 9.4820367E-003, 7.0680812E-004, 7.0680771E-004, 7.0680745E-004, 7.0680614E-004, 7.0680582E-004, 7.0680816E-004, 0.0000000E+000, 0.0000000E+000, 0.0000000E+000, 0.0000000E+000, 0.0000000E+000, 0.0000000E+000, 0.0000000E+000, 0.0000000E+000, 0.0000000E+000, 0.0000000E+000, 0.0000000E+000, 0.0000000E+000, 3.0000000E+001, 3.0000000E+001, 3.0000000E+001, 3.0000000E+001, 3.0000000E+001, 3.0000000E+001, 1.9999515E+001, 1.9999685E+001, 1.9999792E+001, 2.0000336E+001, 2.0000466E+001, 1.9999496E+001,-2.8715968E-007,-8.1128014E-008,-4.0576434E-007,-1.6854401E-007,-3.2913774E-007,-3.7544850E-007, 9.4820367E-003, 9.4820367E-003, 9.4820367E-003, 9.4820367E-003, 9.4820367E-003, 9.4820367E-003
 3.5030422E+001, 0.0000000E+000, 0.0000000E+000, 7.0680734E-004, 7.0680630E-004, 7.0680655E-004, 7.0680561E-004, 0.0000000E+000, 0.0000000E+000, 0.0000000E+000, 0.0000000E+000, 0.0000000E+000, 0.0000000E+000, 0.0000000E+000, 0.0000000E+000, 3.0000000E+001, 3.0000000E+001, 3.0000000E+001, 3.0000000E+001, 1.9999838E+001, 2.0000269E+001, 2.0000164E+001, 2.0000556E+001,-2.5029175E-007,-1.9079963E-007,-1.5712672E-007,-5.3046690E-008, 9.4820367E-003, 9.4820367E-003, 9.4820367E-003, 9.4820367E-003, 7.0680811E-004, 7.0680774E-004, 7.0680746E-004, 7.0680612E-004, 7.0680582E-004, 7.0680817E-004, 0.0000000E+000, 0.0000000E+000, 0.0000000E+000, 0.0000000E+000, 0.0000000E+000, 0.0000000E+000, 0.0000000E+000, 0.0000000E+000, 0.0000000E+000, 0.0000000E+000, 0.0000000E+000, 0.0000000E+000, 3.0000000E+001, 3.0000000E+001, 3.0000000E+001, 3.0000000E+001, 3.0000000E+001, 3.0000000E+001, 1.9999518E+001, 1.9999671E+001, 1.9999788E+001, 2.0000344E+001, 2.0000468E+001, 1.9999493E+001,-2.8449868E-007,-8.1476097E-008,-4.0127731E-007,-1.6602598E-007,-3.2508349E-007,-3.7205752E-007, 9.4820367E-003, 9.4820367E-003, 9.4820367E-003, 9.4820367E-003, 9.4820367E-003, 9.4820367E-003
 3.6072994E+001, 0.0000000E+000, 0.0000000E+000, 7.0680734E-004, 7.0680628E-004, 7.0680657E-004, 7.0680560E-004, 0.0000000E+000, 0.0000000E+000, 0.0000000E+000, 0.0000000E+000, 0.0000000E+000, 0.0000000E+000, 0.0000000E+000, 0.0000000E+000, 3.0000000E+001, 3.0000000E+001, 3.0000000E+001, 3.0000000E+001, 1.9999836E+001, 2.0000277E+001, 2.0000157E+001, 2.0000560E+001,-2.4818207E-007,-1.8794131E-007,-1.5585934E-007,-5.2254709E-008, 9.4820367E-003, 9.4820367E-003, 9.4820367E-003, 9.4820367E-003, 7.0680810E-004, 7.0680777E-004, 7.0680747E-004, 7.0680610E-004, 7.0680582E-004, 7.0680818E-004, 0.0000000E+000, 0.0000000E+000, 0.0000000E+000, 0.0000000E+000, 0.0000000E+000, 0.0000000E+000, 0.0000000E+000, 0.0000000E+000, 0.0000000E+000, 0.0000000E+000, 0.0000000E+000, 0.0000000E+000, 3.0000000E+001, 3.0000000E+001, 3.0000000E+001, 3.0000000E+001, 3.0000000E+001, 3.0000000E+001, 1.9999521E+001, 1.9999658E+001, 1.9999783E+001, 2.0000352E+001, 2.0000469E+001, 1.9999491E+001,-2.8193593E-007,-8.1846651E-008,-3.9708880E-007,-1.6355863E-007,-3.2104737E-007,-3.6874473E-007, 9.4820367E-003, 9.4820367E-003, 9.4820367E-003, 9.4820367E-003, 9.4820367E-003, 9.4820367E-003
 3.7011308E+001, 0.0000000E+000, 0.0000000E+000, 7.0680735E-004, 7.0680626E-004, 7.0680659E-004, 7.0680559E-004, 0.0000000E+000, 0.0000000E+000, 0.0000000E+000, 0.0000000E+000, 0.0000000E+000, 0.0000000E+000, 0.0000000E+000, 0.0000000E+000, 3.0000000E+001, 3.0000000E+001, 3.0000000E+001, 3.0000000E+001, 1.9999833E+001, 2.0000285E+001, 2.0000150E+001, 2.0000564E+001,-2.4616401E-007,-1.8516428E-007,-1.5460995E-007,-5.1569839E-008, 9.4820367E-003, 9.4820367E-003, 9.4820367E-003, 9.4820367E-003, 7.0680810E-004, 7.0680781E-004, 7.0680748E-004, 7.0680608E-004, 7.0680582E-004, 7.0680818E-004, 0.0000000E+000, 0.0000000E+000, 0.0000000E+000, 0.0000000E+000, 0.0000000E+000, 0.0000000E+000, 0.0000000E+000, 0.0000000E+000, 0.0000000E+000, 0.0000000E+000, 0.0000000E+000, 0.0000000E+000, 3.0000000E+001, 3.0000000E+001, 3.0000000E+001, 3.0000000E+001, 3.0000000E+001, 3.0000000E+001, 1.9999523E+001, 1.9999644E+001, 1.9999779E+001, 2.0000360E+001, 2.0000470E+001, 1.9999488E+001,-2.7946737E-007,-8.2220957E-008,-3.9291379E-007,-1.6117983E-007,-3.1728335E-007,-3.6561608E-007, 9.4820367E-003, 9.4820367E-003, 9.4820367E-003, 9.4820367E-003, 9.4820367E-003, 9.4820367E-003
